{
    "@context": {
        "c": "http://www.w3.org/2002/12/cal#",
        "dcterms": "http://purl.org/dc/terms/",
        "geo": "http://www.w3.org/2003/01/geo/wgs84_pos#",
        "loc": "http://purl.org/ctic/infraestructuras/localizacion#",
        "org": "http://purl.org/ctic/infraestructuras/organizacion#",
        "vcard": "http://www.w3.org/2006/vcard/ns#",
        "schema": "https://schema.org/",
        "title": "vcard:fn",
        "id": "dcterms:identifier",
        "relation": "dcterms:relation",
        "references": "dcterms:references",
        "address": "vcard:adr",
        "area": "loc:barrio",
        "district": "loc:distrito",
        "locality": "vcard:locality",
        "postal-code": "vcard:postal-code",
        "street-address": "vcard:street-address",
        "location": "vcard:geo",
        "latitude": "geo:lat",
        "longitude": "geo:long",
        "organization": "vcard:org",
        "organization-desc": "dcterms:description",
        "accesibility": "org:accesibilidad",
        "services": "org:servicios",
        "schedule": "org:horario",
        "organization-name": "vcard:organization-name",
        "description": "c:summary",
        "link": "c:url",
        "uid": "c:uid",
        "dtstart": "c:dtstart",
        "dtend": "c:dtend",
        "time": "c:time",
        "excluded-days": "c:exdate",
        "event-location": "c:location",
        "free": "schema:free",
        "price": "c:resource",
        "recurrence": "c:rrule",
        "days": "c:byday",
        "frequency": "c:freq",
        "interval": "c:interval",
        "audience": "dc:audience"
    },
    "@graph": [{
        "@id": "https://datos.madrid.es/egob/catalogo/tipo/evento/11691936-12-junio-viaje-jardines-madrid-pepo-paz-saz-pablo-ruben-lopez-sanz-.json",
        "@type": "https://datos.madrid.es/egob/kos/actividades/RecitalesPresentacionesActosLiterarios",
        "id": "11691936",
        "title": "12 de junio: Un viaje a los jardines de Madrid, con Pepo Paz Saz y Pablo Rubén López Sanz.",
        "description": "",
        "free": "1",
        "price": "",
        "dtstart": "2022-06-12 12:00:00.0",
        "dtend": "2022-06-12 23:59:00.0",
        "time": "12:00",
        "excluded-days": "",
        "recurrence": {
            "days": "",
            "frequency": "WEEKLY",
            "interval": 1
        },
        "uid": "11691936",
        "references": {
            "@id": "CONTENT-URL-ACTIVIDAD"
        },
        "event-location": "Biblioteca Pública Municipal Eugenio Trías. Casa de Fieras de El Retiro (Retiro)",
        "relation": {
            "@id": "https://datos.madrid.es/egob/catalogo/tipo/entidadesyorganismos/6893633-biblioteca-publica-municipal-eugenio-trias-casa-fieras-retiro-retiro-.json"
        },
        "address": {
            "district": {
                "@id": "https://datos.madrid.es/egob/kos/Provincia/Madrid/Municipio/Madrid/Distrito/Retiro"
            },
            "area": {
                "@id": "https://datos.madrid.es/egob/kos/Provincia/Madrid/Municipio/Madrid/Distrito/Retiro/Barrio/LosJeronimos"
            },
            "locality": "MADRID",
            "postal-code": "28009",
            "street-address": "PASEO FERNÁN NÚÑEZ 24"
        },
        "location": {
            "latitude": 40.4166091081099,
            "longitude": -3.6795930368034804
        },
        "organization": {
            "organization-name": "Biblioteca Pública Municipal Eugenio Trías. Casa de Fieras de El Retiro (Retiro)",
            "accesibility": "1,6"
        },
        "link": "http://www.madrid.es/sites/v/index.jsp?vgnextchannel=ca9671ee4a9eb410VgnVCM100000171f5a0aRCRD&vgnextoid=a35c54c3ec0f0810VgnVCM1000001d4a900aRCRD"
    }]
}